{"cameraMode":{"drawMode":0,"name":"Shaded","section":"Shading Mode"},"sceneLighting":false,"audioPlay":false,"sceneViewState":{"m_AlwaysRefresh":false,"showFog":true,"showSkybox":false,"showFlares":true,"showImageEffects":true,"showParticleSystems":true,"showVisualEffectGraphs":true,"m_FxEnabled":true},"in2DMode":false,"pivot":{"x":-6.038302421569824,"y":1.449294090270996,"z":101.35651397705078},"rotation":{"x":-0.0044196415692567829,"y":-0.9949127435684204,"z":0.08708692342042923,"w":-0.050495877861976626},"size":4.3502912521362309,"orthographic":false}