{"cameraMode":{"drawMode":0,"name":"Shaded","section":"Shading Mode"},"sceneLighting":false,"audioPlay":false,"sceneViewState":{"m_AlwaysRefresh":false,"showFog":true,"showSkybox":false,"showFlares":true,"showImageEffects":true,"showParticleSystems":true,"showVisualEffectGraphs":true,"m_FxEnabled":true},"in2DMode":false,"pivot":{"x":1.1920928955078126e-7,"y":2.268474578857422,"z":0.7877182960510254},"rotation":{"x":0.04542664438486099,"y":-0.9475646615028381,"z":0.15662358701229096,"w":0.27482664585113528},"size":5.013695240020752,"orthographic":false}