{"cameraMode":{"drawMode":0,"name":"Shaded","section":"Shading Mode"},"sceneLighting":true,"audioPlay":false,"sceneViewState":{"m_AlwaysRefresh":false,"showFog":true,"showSkybox":true,"showFlares":true,"showImageEffects":true,"showParticleSystems":true,"showVisualEffectGraphs":true,"m_FxEnabled":true},"in2DMode":false,"pivot":{"x":0.44561150670051577,"y":1.342076301574707,"z":24.055952072143556},"rotation":{"x":0.07673442363739014,"y":0.0014902212424203754,"z":-0.00011483751586638391,"w":0.9970521926879883},"size":17.832813262939454,"orthographic":false}